ID,house_type,Year_Built,Neighborhood,House_Size,Number_of_Bedrooms,Number_of_Bathrooms,Distance_to_School,House_Price
0,villa,1998.0,Downtown,242,2,2.0,2.275930404,84997.41128
1,Apartment,2013.0,Old Town,117,2,,0.917375688,45820.683195
2,villa,1985.0,Suburban,187,5,3.0,4.226589778,31734.324810000002
3,Apartment,1997.0,Downtown,262,5,1.0,1.677466604,53791.37591
4,villa,1990.0,Suburban,393,3,3.0,0.876409276,93017.09109
5,Apartment,1992.0,Downtown,321,2,,3.635095643,76605.10432
6,villa,2021.0,Downtown,265,2,3.0,1.290563069,62192.06318
7,Apartment,1997.0,Suburban,429,3,3.0,3.457036616,105052.3444
8,Apartment,2011.0,Downtown,79,4,1.0,2.057073882,36029.40147
9,villa,1983.0,Suburban,281,2,1.0,2.006547454,46078.52693
10,villa,2020.0,Downtown,347,5,1.0,0.608985091,81909.6034
11,villa,2014.0,Suburban,312,4,,0.106468458,108365.2234
12,villa,2022.0,Old Town,362,2,1.0,4.736948982,82807.09154
13,Apartment,2010.0,Old Town,157,4,1.0,0.14149839,45559.91721
14,Apartment,1986.0,Downtown,140,4,2.0,3.733513346,56563.94607
16,Apartment,1984.0,Suburban,466,2,1.0,2.169973645,140127.572
17,Apartment,1984.0,Suburban,384,3,3.0,2.750082993,83361.92484
18,villa,1980.0,Suburban,263,5,2.0,2.217072059,69028.57145
19,villa,2015.0,Suburban,109,2,1.0,3.452559145,43764.64068
20,villa,2002.0,Downtown,157,2,,3.633952362,58099.36238
21,Apartment,2010.0,Suburban,244,5,3.0,1.479987201,55648.10508
22,villa,2019.0,Downtown,158,3,1.0,4.262159523,38909.226555
23,villa,2009.0,Old Town,407,4,,2.647016244,127706.9158
24,Apartment,2002.0,Old Town,235,5,1.0,4.239045255,17199.785490000002
25,Apartment,2003.0,Old Town,95,3,,4.666859007,36235.025445
26,Apartment,2006.0,Old Town,403,4,2.0,2.538846099,73791.49155
27,Apartment,1991.0,Suburban,142,5,2.0,3.833964127,30402.798345000003
28,villa,1982.0,Suburban,335,3,1.0,2.780985529,123975.1336
29,Apartment,2001.0,Downtown,474,2,,2.163360712,117608.0915
30,villa,1992.0,Suburban,185,2,,2.01834324,50151.39394
31,Apartment,1996.0,Old Town,313,4,1.0,2.958880938,42618.74289
32,villa,1982.0,Downtown,267,2,3.0,1.971001553,52169.10682
33,villa,2007.0,Old Town,405,4,3.0,3.995888704,105181.148
34,villa,1992.0,Suburban,408,3,,1.115897669,109095.1539
35,villa,2021.0,Downtown,169,2,2.0,1.429451713,54587.73109
36,Apartment,2015.0,Downtown,247,4,3.0,2.735990478,61922.55798
37,villa,1980.0,Suburban,313,5,2.0,1.571559549,88790.08417
38,Apartment,1993.0,Downtown,355,3,,3.573174336,97825.63825
39,villa,2017.0,Downtown,217,2,1.0,2.71335067,26482.78767
40,villa,1998.0,Downtown,217,2,3.0,0.525894834,54990.11444
41,villa,2015.0,Suburban,468,4,2.0,3.80942917,132358.0482
42,villa,1990.0,Suburban,493,5,2.0,1.175770404,135047.5964
43,villa,1999.0,Old Town,358,2,1.0,4.724157296,82222.8238
44,Apartment,2007.0,Downtown,335,4,2.0,2.243237347,67637.46985
45,Apartment,1989.0,Downtown,255,2,1.0,3.722954966,41383.76151
46,Apartment,2018.0,Downtown,197,3,3.0,3.949190663,46628.91977
47,Apartment,1992.0,Old Town,102,2,2.0,3.082529417,48161.59759
49,villa,2018.0,Old Town,272,4,,0.803973319,54802.16541
50,villa,1985.0,Old Town,314,4,,3.672630656,55703.95089
51,Apartment,2002.0,Old Town,221,5,3.0,1.317862289,70949.15042
52,villa,1992.0,Downtown,233,5,2.0,1.459690938,47163.80747
53,Apartment,1982.0,Old Town,440,3,2.0,3.259603735,100587.2468
54,villa,1980.0,Downtown,253,2,2.0,4.929703431,58911.0086
55,Apartment,2004.0,Old Town,98,5,,2.675826721,50111.797529999996
56,villa,2022.0,Old Town,360,2,1.0,1.768646974,82152.22004
58,villa,2008.0,Suburban,198,4,3.0,4.099729082,60366.23783
59,villa,2012.0,Downtown,490,4,,3.408611089,131280.8592
60,Apartment,1984.0,Downtown,123,2,3.0,3.740390796,39538.769145
61,villa,1988.0,Suburban,459,4,2.0,0.730397713,93069.26759
62,Apartment,1998.0,Downtown,108,2,,3.056928311,51053.403314999996
63,Apartment,2008.0,Downtown,314,2,2.0,0.748597074,86084.71067
64,Apartment,1987.0,Old Town,343,4,2.0,0.602957369,76349.34235
65,villa,1988.0,Suburban,405,5,,3.722580357,96915.37059
66,villa,1996.0,Old Town,458,2,2.0,4.028188561,95896.86995
67,Apartment,2002.0,Old Town,175,5,1.0,2.783699633,40178.21816
69,Apartment,1995.0,Suburban,101,4,,3.771779948,50394.56463
70,Apartment,2000.0,Old Town,446,5,2.0,0.624471649,92612.63018
71,Apartment,2001.0,Downtown,327,5,1.0,2.961175606,86512.06296
72,Apartment,2003.0,Downtown,391,5,3.0,3.696593501,69630.74167
73,Apartment,2013.0,Suburban,495,5,1.0,3.596337115,111948.8471
74,villa,1982.0,Old Town,127,2,2.0,3.587487141,44310.31785
75,Apartment,2006.0,Suburban,361,4,2.0,0.284045572,57036.00376
76,villa,1991.0,Suburban,428,4,,4.521267407,109302.9575
77,Apartment,2004.0,Downtown,189,4,,2.46299166,39667.04874
78,villa,1995.0,Old Town,337,2,3.0,0.780421083,49402.87604
79,Apartment,2005.0,Old Town,152,2,2.0,2.541939201,17902.717380000002
80,villa,1985.0,Old Town,161,3,1.0,2.534252839,52352.40168
81,Apartment,2002.0,Downtown,454,2,2.0,3.577717631,131411.1197
82,Apartment,2014.0,Old Town,468,2,3.0,1.277323758,114361.8272
83,villa,2009.0,Suburban,169,5,2.0,1.407866008,50345.23624
84,villa,1992.0,Downtown,123,2,1.0,0.482747461,35226.87127
85,villa,2000.0,Suburban,466,3,2.0,0.656353272,123092.4596
86,villa,2013.0,Suburban,191,3,,2.149501221,73469.68014
87,Apartment,1991.0,Old Town,496,5,2.0,2.733839446,93860.03204
88,Apartment,2010.0,Downtown,154,2,2.0,4.508949621,52029.21465
89,Apartment,1991.0,Suburban,273,2,3.0,3.554787158,60609.82089
90,villa,1986.0,Old Town,394,4,3.0,4.955468809,94014.82131
91,Apartment,2011.0,Suburban,332,2,,3.008531686,76955.00539
92,Apartment,2014.0,Suburban,117,5,3.0,4.700689712,32620.586505
93,Apartment,2021.0,Old Town,197,4,1.0,4.289287175,37089.11424
94,villa,2001.0,Suburban,201,2,,0.235616451,53916.78399
95,villa,1990.0,Downtown,426,4,3.0,4.001347684,139918.8607
96,villa,2007.0,Old Town,250,3,2.0,1.193853753,61377.33959
97,Apartment,1997.0,Downtown,404,5,1.0,4.746673163,100972.2991
98,Apartment,2018.0,Downtown,213,3,,0.686427473,39504.01926
99,Apartment,1986.0,Downtown,218,2,,1.10682112,52150.50907
100,villa,1991.0,Suburban,297,3,,1.586488897,83573.32852
101,Apartment,2009.0,Old Town,349,3,1.0,0.11514895,79845.15119
102,villa,1993.0,Suburban,277,4,1.0,0.1670446,60173.91918
103,Apartment,1999.0,Downtown,467,5,,3.227756828,124815.2908
104,villa,1987.0,Old Town,443,5,,0.373832066,92389.9046
105,villa,1996.0,Suburban,411,3,1.0,0.596239181,107799.9325
106,villa,1986.0,Suburban,118,2,1.0,2.224418106,45906.43595
107,villa,2020.0,Suburban,375,2,1.0,3.819388263,120948.9708
108,Apartment,1995.0,Suburban,139,3,1.0,1.826211588,49413.539775
109,villa,1982.0,Old Town,239,2,3.0,4.443444441,87101.9448
110,Apartment,1990.0,Old Town,233,3,1.0,0.968970128,78938.19773
111,villa,2021.0,Old Town,165,5,1.0,1.199812975,31988.620785
112,Apartment,2022.0,Old Town,267,2,2.0,0.314810048,42391.22977
113,Apartment,2020.0,Suburban,164,4,2.0,4.050676846,52351.09086
114,villa,2009.0,Downtown,326,3,3.0,3.8598544,102078.7099
115,Apartment,1990.0,Suburban,439,2,3.0,4.646680441,108304.2598
116,villa,1990.0,Suburban,248,4,,4.299667061,49986.84885
117,villa,2011.0,Old Town,362,5,2.0,0.129892146,121544.8636
118,Apartment,1997.0,Suburban,488,3,,3.208979447,127738.0898
119,Apartment,2015.0,Suburban,374,2,2.0,1.145657297,47088.11448
120,Apartment,2016.0,Suburban,419,5,,0.37698795,111093.2125
121,villa,2016.0,Old Town,457,3,1.0,4.90146827,124650.8123
122,Apartment,1997.0,Old Town,168,4,1.0,1.549127292,46512.17309
123,villa,2001.0,Suburban,112,3,,2.247256834,36994.242
124,villa,2007.0,Downtown,438,5,2.0,2.418068195,108154.4878
125,Apartment,2005.0,Old Town,475,4,,4.865836561,92382.08261
126,villa,1988.0,Old Town,271,4,1.0,2.530430383,60335.91994
127,villa,2013.0,Downtown,453,5,,3.658105542,94337.68409
129,villa,1991.0,Suburban,464,4,3.0,2.842374614,90738.63302
130,Apartment,2008.0,Suburban,440,4,2.0,2.60709331,119049.7819
131,villa,1996.0,Old Town,113,2,,0.545500886,45311.884365000005
132,villa,1982.0,Downtown,453,4,2.0,4.318125082,104286.6927
133,Apartment,1988.0,Suburban,93,2,2.0,0.852835131,15394.862174999998
134,villa,2013.0,Downtown,257,5,2.0,2.224869624,63781.5379
135,villa,1994.0,Downtown,200,5,,4.555817277,71583.89456
136,Apartment,2020.0,Old Town,447,2,,3.053135755,71665.68569
137,Apartment,1981.0,Suburban,168,4,1.0,1.986890787,49537.53042
138,villa,2011.0,Old Town,132,3,1.0,3.97515154,33128.64078
139,Apartment,2002.0,Downtown,489,4,1.0,0.424113974,84558.2831
140,Apartment,1980.0,Old Town,292,3,3.0,3.826206105,51128.907510000005
141,villa,1992.0,Old Town,193,4,1.0,4.33662147,44991.49518
142,villa,2020.0,Downtown,152,5,2.0,3.909831679,42390.19112
143,Apartment,1980.0,Suburban,297,2,1.0,1.503587256,82111.25868
144,villa,2008.0,Downtown,218,4,,1.767554249,35720.36855
145,Apartment,2011.0,Old Town,279,2,,4.201845855,90090.41983
146,Apartment,2008.0,Old Town,120,3,2.0,1.208102186,58459.66993
147,villa,1999.0,Suburban,481,4,3.0,2.735678522,128171.7317
148,Apartment,2012.0,Downtown,340,3,1.0,2.83845871,73171.94664
149,Apartment,2022.0,Old Town,111,4,3.0,4.080410266,50238.38369
150,villa,1984.0,Downtown,128,2,,0.179046879,47107.91391
151,villa,1997.0,Suburban,263,2,1.0,4.999496736,83098.14823
152,villa,2009.0,Downtown,106,4,,0.786686002,20056.08975
153,Apartment,2018.0,Downtown,336,3,3.0,1.844724734,40963.364835
154,villa,2006.0,Old Town,156,4,,3.386593664,81335.82043
156,villa,1998.0,Suburban,430,4,,2.527496228,106784.6386
157,villa,2000.0,Old Town,81,3,1.0,0.164792891,67864.90702
158,villa,2021.0,Suburban,328,5,3.0,1.345539445,88611.53513
159,Apartment,1987.0,Downtown,377,4,,4.605657741,113234.9295
160,Apartment,2014.0,Downtown,150,5,3.0,1.612116611,11178.102918
162,villa,2012.0,Downtown,252,4,3.0,2.002037367,52345.94416
163,Apartment,2018.0,Downtown,198,4,2.0,2.882036612,71314.99469
164,villa,1992.0,Suburban,364,2,,3.728873705,84075.01105
165,Apartment,2004.0,Downtown,345,5,,4.184249447,70357.27358
166,villa,1987.0,Old Town,244,4,1.0,0.325579231,64959.3458
167,Apartment,1989.0,Old Town,112,3,1.0,1.852185134,49638.70437
168,villa,2019.0,Suburban,441,5,2.0,0.41394728,81351.19602
169,Apartment,2013.0,Suburban,254,5,,4.865999951,39289.14012
170,villa,2010.0,Downtown,147,4,,1.417396945,31464.922365
171,Apartment,2015.0,Downtown,356,3,3.0,2.14636156,110892.7675
172,villa,2014.0,Suburban,350,5,1.0,2.138642095,92196.43052
173,Apartment,2019.0,Old Town,195,4,2.0,1.800061932,91393.06821
174,villa,1982.0,Suburban,328,5,2.0,0.729507773,100728.9145
175,Apartment,2009.0,Old Town,73,4,2.0,1.277828284,26322.14469
176,Apartment,2019.0,Old Town,164,4,,3.127483658,66301.55676
177,villa,2002.0,Suburban,296,3,1.0,3.991462737,78229.94025
178,villa,2015.0,Old Town,433,2,2.0,4.230163168,94151.57295
179,Apartment,1980.0,Old Town,339,5,2.0,1.275166481,98349.49688
180,Apartment,2006.0,Downtown,438,5,1.0,1.033934913,95573.46692
181,villa,1984.0,Downtown,366,5,1.0,2.363130206,85692.05798
182,Apartment,1989.0,Old Town,398,5,,2.449905659,126055.6539
183,Apartment,1986.0,Downtown,89,5,1.0,1.884711982,30336.555419999997
184,Apartment,2009.0,Suburban,165,5,3.0,1.81252948,37780.758375
185,villa,1985.0,Downtown,398,4,,3.685077867,90213.24617
186,villa,1981.0,Old Town,480,4,1.0,4.898346474,140435.8117
187,villa,2002.0,Downtown,318,4,2.0,0.163119801,68449.18653
188,Apartment,2006.0,Suburban,250,2,2.0,0.641139596,54762.58306
189,Apartment,2009.0,Old Town,393,5,1.0,1.275793192,88044.14521
190,Apartment,1985.0,Downtown,387,4,,4.433580849,100428.5099
191,villa,1996.0,Old Town,340,3,3.0,4.3866647,77290.20479
192,Apartment,2006.0,Downtown,422,5,,2.093536517,73463.27902
193,villa,2006.0,Old Town,330,5,3.0,2.063733823,64756.38116
194,villa,1994.0,Downtown,307,2,1.0,2.275468642,58094.21917
195,villa,2004.0,Suburban,209,3,1.0,0.285386742,77116.38769
196,Apartment,1988.0,Suburban,156,3,,4.340010947,55253.48084
197,Apartment,1999.0,Suburban,447,2,1.0,3.556546601,123495.1876
198,Apartment,2009.0,Suburban,179,2,,1.675532593,51964.250475
199,Apartment,1991.0,Suburban,401,4,2.0,0.217809622,83934.16916
200,Apartment,2001.0,Downtown,254,2,,0.98991518,53349.64797
201,Apartment,1982.0,Downtown,86,5,1.0,1.681245135,693.5969235
202,Apartment,2006.0,Downtown,222,3,2.0,1.550404306,105444.0078
203,villa,1984.0,Downtown,483,4,1.0,4.44307972,75843.56703
204,villa,2002.0,Suburban,219,2,1.0,3.995563944,66030.1707
205,Apartment,1998.0,Suburban,180,3,,1.045068637,28963.431060000003
206,Apartment,2018.0,Old Town,95,2,1.0,4.536245586,32494.695255
207,villa,1981.0,Old Town,447,4,3.0,2.785900836,91989.96115
208,villa,1984.0,Old Town,444,5,1.0,1.586010108,87447.42075
209,villa,2019.0,Suburban,187,3,,0.737719731,35919.11097
210,Apartment,1999.0,Downtown,153,2,1.0,4.714370298,73349.72307
211,villa,2007.0,Downtown,231,4,2.0,0.422548131,55090.23155
212,villa,1987.0,Old Town,430,5,,1.382740991,92185.95611
213,Apartment,2009.0,Suburban,486,2,2.0,4.210205905,132615.7393
214,Apartment,2014.0,Suburban,298,5,2.0,1.467121007,74706.98629
215,villa,2004.0,Old Town,321,5,1.0,2.456162523,94650.67519
216,Apartment,1992.0,Old Town,191,4,1.0,3.943004407,16897.30032
217,villa,1985.0,Old Town,396,3,2.0,2.9958912,105072.0781
218,villa,1993.0,Downtown,357,3,2.0,3.594875754,104703.8967
220,villa,1995.0,Downtown,397,3,1.0,1.072575549,108213.9057
221,Apartment,1980.0,Suburban,254,2,3.0,3.057012074,97423.63146
222,Apartment,1984.0,Downtown,222,2,2.0,0.919200382,55202.84593
223,Apartment,2002.0,Old Town,149,3,3.0,2.740995263,53678.11874
224,villa,2010.0,Downtown,111,2,3.0,4.226978309,41161.40901
225,villa,2012.0,Suburban,344,5,2.0,3.043968203,71849.88605
226,Apartment,2011.0,Old Town,110,2,,3.227780141,42443.002035
227,Apartment,2016.0,Old Town,277,3,3.0,1.45206147,37910.10578
228,villa,1983.0,Suburban,337,5,1.0,4.951610268,75223.93926
229,villa,2015.0,Old Town,236,4,2.0,1.541099574,64313.7595
230,villa,1999.0,Downtown,181,2,1.0,1.851426819,59712.00987
231,villa,2014.0,Downtown,419,2,1.0,1.990643981,105242.2425
232,villa,1997.0,Suburban,199,2,,4.754740788,64149.6746
233,villa,1983.0,Old Town,293,3,3.0,3.092354289,51191.87574
234,villa,1988.0,Downtown,444,5,2.0,0.396406793,108966.0545
235,Apartment,1981.0,Old Town,370,4,2.0,1.955363612,92885.58769
236,Apartment,1995.0,Suburban,286,3,2.0,0.81879953,108491.8249
237,Apartment,2021.0,Old Town,451,3,,0.779377417,108466.6669
238,villa,1988.0,Old Town,94,3,3.0,3.014470812,20279.50086
239,villa,2002.0,Suburban,137,4,,1.824880929,52015.536720000004
240,villa,1990.0,Downtown,329,3,,2.748795186,63867.7311
241,Apartment,1992.0,Downtown,304,3,1.0,3.141226618,79855.07698
242,villa,1983.0,Old Town,274,3,,2.490317442,61198.89567
243,Apartment,2002.0,Downtown,361,4,3.0,1.155418276,54423.44904
244,villa,1992.0,Downtown,284,4,2.0,0.552983232,69828.26898
245,Apartment,2005.0,Suburban,259,4,2.0,1.571837537,58399.13812
246,Apartment,2006.0,Suburban,267,4,2.0,2.738727899,51152.30094
247,Apartment,2020.0,Suburban,285,3,3.0,1.468830066,69907.31691
248,villa,2021.0,Old Town,113,4,2.0,2.019712748,58037.11924
249,Apartment,1980.0,Suburban,102,5,1.0,4.537953686,35926.07497
250,villa,2018.0,Downtown,81,5,2.0,0.229039833,48732.815774999995
251,villa,2007.0,Suburban,174,2,3.0,0.505345071,25005.098235
252,Apartment,2020.0,Downtown,282,3,,4.118305427,80037.96738
253,Apartment,2016.0,Suburban,208,2,2.0,1.011904423,54968.99163
254,villa,2001.0,Old Town,252,4,,4.177849677,73580.90477
255,villa,2001.0,Downtown,491,2,2.0,3.161772547,131202.5724
256,villa,1986.0,Old Town,195,3,3.0,0.636140374,32331.578235
257,villa,1992.0,Downtown,226,3,2.0,1.737979066,55671.98377
258,villa,1987.0,Suburban,181,5,,4.811787963,45138.874185
259,Apartment,1983.0,Old Town,328,3,3.0,0.965491212,80998.31811
260,Apartment,1990.0,Downtown,97,2,3.0,2.125836115,9452.972193
261,villa,2007.0,Old Town,287,3,3.0,1.605817332,97999.40734
262,villa,2004.0,Downtown,221,3,3.0,2.598094057,38070.55223
263,Apartment,1989.0,Downtown,379,2,,2.22850391,76771.15687
264,Apartment,2016.0,Old Town,377,4,2.0,4.666109347,95741.72813
265,Apartment,1988.0,Downtown,244,3,,4.147972303,39458.01861
266,Apartment,1989.0,Old Town,218,4,3.0,2.943855582,46006.73395
267,Apartment,2015.0,Old Town,99,4,,1.735840384,12226.0620735
268,villa,1981.0,Old Town,137,3,1.0,3.780535668,62473.44128
269,Apartment,2018.0,Old Town,105,2,3.0,2.988983485,41966.07654
270,villa,2000.0,Suburban,365,4,3.0,0.896146506,90100.60963
271,Apartment,2005.0,Old Town,463,5,1.0,1.629006102,107925.659
272,Apartment,2005.0,Old Town,143,2,1.0,2.884784,54568.35229
273,villa,1985.0,Downtown,367,3,3.0,3.529812472,99854.08161
274,Apartment,1980.0,Old Town,477,3,3.0,1.670471002,129211.0481
275,Apartment,2019.0,Downtown,457,3,3.0,4.560097491,113726.1553
276,villa,1986.0,Old Town,372,3,2.0,2.10017886,59235.39944
277,Apartment,1986.0,Suburban,288,3,3.0,0.83094298,69750.68035
278,villa,2019.0,Downtown,434,5,1.0,1.140496791,97850.20162
279,villa,1997.0,Downtown,329,3,1.0,1.07406469,95151.10547
280,villa,1991.0,Suburban,357,2,1.0,1.245641067,109486.8487
281,villa,1997.0,Old Town,335,3,,1.979995353,70590.9791
282,villa,2017.0,Suburban,464,5,3.0,2.378226117,125367.7047
283,Apartment,2010.0,Suburban,97,4,1.0,2.757151268,58967.57995
284,Apartment,1989.0,Suburban,499,4,,4.696329802,111395.7456
285,villa,1992.0,Downtown,269,3,3.0,2.89280173,100888.4348
286,Apartment,1997.0,Suburban,493,5,,0.980267054,106198.2831
287,villa,2016.0,Downtown,131,2,2.0,2.331241251,49813.792665
288,villa,2012.0,Old Town,411,3,1.0,0.927164059,102527.0878
289,villa,1983.0,Old Town,423,3,3.0,4.56434774,105979.978
290,Apartment,1992.0,Old Town,114,3,2.0,0.925042945,17619.65874
291,Apartment,2017.0,Downtown,360,3,,3.091727024,78176.33792
292,Apartment,1987.0,Suburban,488,2,3.0,2.932019217,108645.5943
293,villa,1985.0,Downtown,158,5,3.0,3.153435872,46039.25191
294,villa,1997.0,Old Town,103,5,3.0,0.387210476,48526.053435
295,villa,1998.0,Suburban,203,4,2.0,1.517679412,95268.88663
296,Apartment,1998.0,Downtown,302,4,1.0,1.83298749,102919.7801
297,Apartment,1997.0,Suburban,325,4,1.0,4.623489058,71053.13516
298,villa,2013.0,Suburban,106,4,,3.082105879,49496.08848
299,Apartment,1990.0,Suburban,326,4,3.0,4.058326303,101442.3596
300,villa,1989.0,Downtown,360,4,3.0,2.530516057,90612.03649
301,villa,2006.0,Suburban,267,2,,2.046797092,65357.16843
302,Apartment,1984.0,Old Town,452,3,3.0,2.469635538,114031.4989
303,villa,2020.0,Downtown,324,2,3.0,3.957102809,98345.53258
304,Apartment,2005.0,Downtown,150,2,,0.545934117,30800.38431
305,Apartment,2017.0,Old Town,206,2,1.0,4.773023366,44986.61062
306,Apartment,1987.0,Old Town,259,5,3.0,3.057428131,74158.6629
307,villa,2013.0,Downtown,199,2,2.0,1.012489029,55978.94143
308,Apartment,1997.0,Suburban,279,5,3.0,0.31444001,74541.6552
309,villa,2019.0,Old Town,438,2,2.0,0.727628426,102103.9767
310,villa,1997.0,Old Town,361,2,2.0,0.624808665,109700.7158
311,Apartment,2018.0,Old Town,446,5,,2.072958905,154177.3649
312,villa,1988.0,Suburban,417,3,2.0,3.49075378,112378.3099
313,Apartment,2018.0,Suburban,238,2,2.0,1.325894411,55636.46597
314,villa,2003.0,Downtown,442,2,3.0,1.986741545,125614.8058
315,villa,2014.0,Suburban,362,4,1.0,2.864559715,79717.34726
316,villa,2017.0,Downtown,246,4,2.0,4.085968734,46506.19311
317,villa,2007.0,Downtown,95,3,2.0,3.077608516,36609.262425
318,villa,1984.0,Old Town,393,5,2.0,1.007520729,46594.06734
319,villa,1982.0,Downtown,429,2,,1.296498881,84170.99273
320,Apartment,2005.0,Downtown,361,4,1.0,1.919906701,83290.76288
321,Apartment,1986.0,Old Town,184,2,2.0,2.486555793,28398.334259999996
322,Apartment,1990.0,Downtown,356,4,2.0,4.432609006,68347.13796
323,Apartment,1999.0,Downtown,99,5,,1.308657261,24022.549875
324,Apartment,1995.0,Suburban,311,5,2.0,4.64564151,44890.69413
325,villa,2000.0,Downtown,359,4,,3.889948453,81628.56407
326,Apartment,1995.0,Suburban,216,4,1.0,1.665615294,43294.59671
327,Apartment,2015.0,Downtown,343,4,2.0,4.837323095,86258.10417
328,Apartment,1987.0,Old Town,291,2,3.0,1.90704941,95833.68061
329,Apartment,2020.0,Downtown,410,5,1.0,3.429222578,105950.0883
330,villa,2016.0,Old Town,72,3,3.0,4.689113455,27631.860645
331,villa,2008.0,Suburban,139,4,1.0,3.96714563,36739.08914
332,Apartment,1989.0,Suburban,427,4,,4.443883197,111297.8555
333,villa,2016.0,Suburban,466,3,2.0,0.892179208,96165.22703
334,Apartment,2003.0,Old Town,114,2,1.0,3.253253364,39306.74025
335,villa,2015.0,Old Town,443,4,2.0,0.491547759,116925.0248
336,Apartment,2008.0,Old Town,323,3,1.0,4.901774274,53334.80035
337,villa,1998.0,Downtown,392,2,1.0,3.521565632,115313.0585
338,Apartment,1994.0,Downtown,181,2,,0.61070944,66877.52069
339,villa,2019.0,Suburban,161,5,2.0,3.985699425,41433.720345
340,Apartment,2000.0,Suburban,411,5,1.0,2.365308546,97923.24417
341,Apartment,2016.0,Downtown,493,2,1.0,0.489637437,105686.1931
342,villa,1988.0,Downtown,109,2,,4.041406599,41237.60967
343,Apartment,2019.0,Downtown,220,2,3.0,0.27274779,50663.331375
344,Apartment,1993.0,Suburban,484,4,,3.997122373,116550.4598
345,villa,2020.0,Downtown,215,4,2.0,2.91368297,36571.60184
346,Apartment,2001.0,Downtown,268,2,3.0,0.113259642,68019.08554
347,Apartment,2012.0,Suburban,344,3,2.0,2.282142483,50115.41457
348,Apartment,2012.0,Downtown,418,2,1.0,3.091860819,131029.2328
349,Apartment,2010.0,Downtown,113,4,3.0,1.105089599,13436.807273999999
350,villa,1989.0,Old Town,153,3,2.0,1.257007242,39447.89366
351,villa,2007.0,Downtown,367,4,,0.417145425,87499.5391
352,Apartment,2008.0,Downtown,163,4,3.0,3.381696329,38261.564640000004
353,villa,2003.0,Suburban,244,3,1.0,1.053119722,43244.39727
354,villa,2008.0,Downtown,475,2,1.0,4.319337137,137477.9709
355,Apartment,1982.0,Suburban,271,2,3.0,3.816757125,57237.18814
356,villa,2000.0,Old Town,415,4,2.0,0.555507788,109173.4037
357,villa,2002.0,Old Town,399,3,3.0,2.832595814,83720.06229
358,villa,2012.0,Downtown,98,3,,2.121294209,17334.55704
359,villa,1987.0,Suburban,279,4,3.0,3.915755804,79194.943
360,villa,2001.0,Old Town,175,3,1.0,3.344735272,62358.16992
361,Apartment,2000.0,Suburban,454,4,1.0,0.482958016,109993.672
362,villa,1999.0,Old Town,133,3,2.0,4.910114332,7217.4038505
363,Apartment,2005.0,Suburban,86,2,3.0,1.358948001,61459.1216
364,villa,2017.0,Suburban,176,4,3.0,1.352241812,40303.52076
365,Apartment,2004.0,Suburban,234,5,3.0,1.59347316,41502.378015
366,villa,1999.0,Old Town,164,3,,4.882673449,92888.49176
367,villa,2022.0,Suburban,94,3,1.0,4.038530418,23129.031179999998
368,villa,1993.0,Old Town,186,5,1.0,0.521652578,25898.019345
369,Apartment,2007.0,Old Town,261,3,2.0,2.148117472,51581.20466
370,villa,2002.0,Suburban,265,4,,4.290899579,73600.89792
371,villa,2007.0,Old Town,377,3,3.0,1.811193199,98056.23115
372,villa,1983.0,Suburban,206,3,,1.527928719,51698.124075
373,Apartment,2013.0,Old Town,417,3,3.0,3.233065007,140704.472
374,villa,2009.0,Old Town,163,5,1.0,1.901600025,45477.60966
375,Apartment,2001.0,Suburban,449,4,1.0,0.891928081,88556.26819
376,Apartment,1982.0,Suburban,308,4,,2.468027848,96213.86797
377,villa,2018.0,Suburban,157,5,2.0,4.077310749,65831.25693
378,villa,2004.0,Downtown,230,5,3.0,4.238167501,41150.13805
379,Apartment,1997.0,Old Town,217,2,,3.116707403,39334.581210000004
380,Apartment,1993.0,Suburban,142,4,3.0,4.995689653,56108.76535
383,Apartment,2005.0,Suburban,384,2,,3.877512584,115348.923
384,Apartment,2017.0,Downtown,151,2,1.0,1.001087586,36642.94904
385,villa,1994.0,Downtown,190,3,,2.115941187,42221.25303
386,Apartment,2009.0,Downtown,442,5,1.0,0.148821246,117556.3321
387,Apartment,1987.0,Old Town,390,5,2.0,1.087045375,94444.51153
388,villa,2007.0,Old Town,273,4,3.0,1.195728698,42276.26556
389,Apartment,2008.0,Suburban,290,3,,4.940037953,98021.50692
390,villa,2002.0,Downtown,490,3,2.0,0.304061872,149000.2811
391,Apartment,1984.0,Suburban,351,3,,4.73467333,91856.65128
392,Apartment,1983.0,Suburban,358,4,1.0,4.20714043,90402.68031
393,villa,2004.0,Suburban,496,4,3.0,0.21014892,170792.4961
394,villa,2019.0,Downtown,340,2,,0.769990033,79471.3431
395,Apartment,2006.0,Downtown,354,5,1.0,3.182248359,83308.46036
396,villa,1989.0,Downtown,346,2,2.0,1.818912787,93789.62498
397,Apartment,2021.0,Old Town,394,3,3.0,1.772661858,127926.4391
398,Apartment,1987.0,Old Town,92,3,1.0,3.512709115,54855.41509
399,villa,2000.0,Downtown,297,5,2.0,4.974302325,69078.54737
400,Apartment,1991.0,Downtown,448,4,2.0,1.730289948,118166.6249
401,villa,1986.0,Downtown,153,2,1.0,4.622914987,16032.49599
402,villa,2008.0,Old Town,205,5,,3.669364463,45010.47784
403,villa,1982.0,Old Town,131,3,3.0,4.250247524,23916.288135000003
404,Apartment,2019.0,Suburban,211,3,3.0,2.593306674,48920.047425
405,Apartment,2007.0,Downtown,75,5,,2.713120454,52381.53433
406,Apartment,2011.0,Downtown,326,2,1.0,2.777677798,65654.26676
407,Apartment,2015.0,Old Town,206,4,2.0,2.869181665,40867.88184
408,Apartment,1992.0,Old Town,277,3,1.0,0.807761427,76566.97576
409,Apartment,1980.0,Suburban,209,4,2.0,1.11452248,78206.50534
410,Apartment,2003.0,Downtown,74,3,1.0,0.853250908,42183.453795
411,Apartment,1985.0,Old Town,493,4,3.0,1.035759108,178437.1023
412,Apartment,1980.0,Downtown,418,3,3.0,3.358340739,103006.6404
413,villa,2015.0,Old Town,499,3,1.0,1.111850664,129924.3288
414,villa,1990.0,Suburban,352,5,1.0,4.404133104,93512.01348
415,Apartment,2009.0,Downtown,144,3,3.0,0.685414298,64700.98774
416,Apartment,1997.0,Suburban,378,4,,4.944827094,104644.779
417,Apartment,2020.0,Old Town,289,2,,0.107017574,69925.40599
418,villa,1998.0,Downtown,377,5,3.0,4.234985253,75300.2281
419,Apartment,1990.0,Old Town,297,4,,0.109754066,79138.86912
420,villa,1999.0,Old Town,431,5,1.0,3.948795104,135776.8966
421,Apartment,2017.0,Old Town,344,4,1.0,3.665508523,77792.36413
422,villa,1993.0,Suburban,443,5,1.0,3.503249941,121328.8724
423,villa,1983.0,Downtown,360,4,1.0,1.819328281,94922.95577
424,Apartment,2016.0,Old Town,121,3,1.0,3.172730709,47520.39317
425,Apartment,1983.0,Old Town,228,5,2.0,3.037086797,40904.92519
426,Apartment,2015.0,Suburban,384,3,,3.723734042,142932.9406
427,villa,1987.0,Downtown,497,5,1.0,3.579050815,98666.77786
428,villa,1990.0,Old Town,381,5,2.0,1.31633635,87938.9782
429,Apartment,2000.0,Old Town,344,4,3.0,3.576992675,104761.8508
430,villa,2008.0,Downtown,499,4,1.0,1.631094086,130684.6634
431,villa,1988.0,Downtown,413,3,1.0,1.988953185,119849.7232
432,Apartment,1988.0,Suburban,396,5,2.0,1.510090827,89077.95332
433,Apartment,1997.0,Old Town,123,2,3.0,3.722086739,43880.850525
434,Apartment,1997.0,Suburban,374,3,1.0,4.189893514,93744.63967
435,Apartment,1985.0,Suburban,164,5,,1.318384093,72385.19229
436,villa,2011.0,Downtown,129,5,2.0,2.619029344,46058.58049
437,villa,2009.0,Suburban,406,5,3.0,3.5575446,117433.4422
438,Apartment,1996.0,Old Town,224,3,3.0,4.140222915,42841.47815
439,villa,2002.0,Old Town,194,4,3.0,3.663554134,67877.65277
440,Apartment,2015.0,Old Town,233,5,3.0,0.585997997,62761.63327
441,Apartment,2015.0,Downtown,128,4,,3.452037035,59782.90631
442,Apartment,1996.0,Downtown,176,3,2.0,4.53646062,84281.2031
443,villa,2007.0,Old Town,271,4,1.0,2.265706522,61614.68448
444,villa,2012.0,Old Town,370,3,1.0,3.738777916,84373.93739
445,Apartment,1982.0,Downtown,339,2,,4.813434176,67469.10018
446,villa,1991.0,Old Town,447,4,3.0,3.500429959,108878.4098
447,Apartment,1998.0,Old Town,396,2,1.0,1.519661011,91359.49102
448,villa,2004.0,Suburban,108,3,,2.315166712,51285.131985
449,Apartment,2004.0,Downtown,237,2,3.0,2.396663325,56358.66366
450,Apartment,1980.0,Downtown,206,4,1.0,4.260320529,44268.01438
451,villa,1988.0,Old Town,83,2,2.0,4.844529416,42041.70272
452,Apartment,2003.0,Suburban,461,4,2.0,3.006680094,96492.39538
453,villa,1981.0,Downtown,278,2,1.0,0.476918908,78162.15906
454,villa,2009.0,Downtown,92,4,2.0,4.752796135,22321.74819
455,Apartment,2018.0,Downtown,405,3,1.0,4.970710906,115737.3701
456,villa,2018.0,Suburban,334,2,1.0,2.038328459,111205.2309
457,villa,1997.0,Suburban,297,2,2.0,4.146643657,68188.03493
458,Apartment,1999.0,Suburban,332,5,2.0,2.226005185,91820.65815
459,Apartment,2005.0,Downtown,279,2,2.0,3.507767547,73325.85731
460,Apartment,1985.0,Downtown,130,5,1.0,0.305172198,24767.328015
461,villa,2001.0,Suburban,470,4,2.0,4.464366948,122315.7502
462,Apartment,2014.0,Suburban,126,5,,0.319482322,37282.41011
463,Apartment,2013.0,Suburban,440,2,1.0,1.178348377,118257.4164
464,villa,2018.0,Old Town,307,2,1.0,2.88197245,72782.02206
465,villa,2007.0,Suburban,221,5,3.0,4.424961219,57133.84601
466,Apartment,2021.0,Downtown,350,4,3.0,1.435215402,64547.7811
467,villa,2017.0,Suburban,74,4,1.0,0.537669859,17006.577735
468,Apartment,1984.0,Suburban,170,5,,4.066938376,53619.25359
469,Apartment,1999.0,Old Town,375,2,2.0,1.860558562,111599.4777
470,Apartment,2013.0,Downtown,413,2,2.0,3.743699061,94803.70352
471,villa,2001.0,Suburban,100,4,1.0,1.042683742,40641.420885
472,villa,1984.0,Old Town,124,2,,1.241032736,35561.0665
473,Apartment,2005.0,Suburban,223,2,,1.834923186,59779.59893
474,Apartment,1987.0,Old Town,346,5,1.0,3.944818057,97315.47171
475,Apartment,2016.0,Old Town,423,5,2.0,4.697946143,69388.44739
476,Apartment,2011.0,Old Town,427,3,3.0,3.957329602,105763.5186
477,Apartment,1982.0,Old Town,255,5,3.0,0.138053853,68530.67202
478,villa,2005.0,Downtown,477,3,3.0,4.06143859,99243.39302
479,Apartment,1992.0,Old Town,481,5,1.0,3.218499232,153729.7141
480,Apartment,1985.0,Downtown,99,5,3.0,4.012826953,41971.77801
481,villa,2015.0,Downtown,487,2,2.0,2.904353086,153018.0949
482,villa,2010.0,Suburban,441,3,,0.240368914,94439.53956
483,villa,1989.0,Downtown,379,3,,4.035273748,76603.99757
484,villa,1997.0,Suburban,189,4,2.0,0.47416845,51735.04442
485,villa,2009.0,Downtown,412,5,2.0,1.806424086,69426.23274
486,villa,1991.0,Downtown,77,5,3.0,2.748906509,35323.967715
487,Apartment,2014.0,Downtown,175,2,2.0,1.500786935,45694.38464
488,villa,2013.0,Downtown,207,2,3.0,3.822622946,72063.30563
489,villa,2008.0,Suburban,252,3,2.0,4.873246758,77020.82682
490,villa,2002.0,Downtown,454,3,1.0,2.366637762,105150.453
491,Apartment,2005.0,Suburban,409,2,3.0,4.768542748,80300.0669
492,Apartment,2007.0,Downtown,446,4,1.0,4.59346135,145746.1044
493,Apartment,1997.0,Old Town,490,2,,4.109523289,106657.6996
494,Apartment,2013.0,Suburban,279,4,3.0,3.661587234,48839.50886
495,villa,2013.0,Old Town,218,2,1.0,0.198130024,49204.31821500001
496,villa,2005.0,Suburban,443,2,2.0,4.51790292,133096.1063
497,Apartment,2000.0,Downtown,329,4,2.0,2.905687622,71871.99591
498,Apartment,1987.0,Suburban,196,4,2.0,0.744675266,50888.86602
499,villa,1980.0,Downtown,368,4,,3.48785312,94753.79652
500,Apartment,1992.0,Suburban,135,5,3.0,1.432258288,44416.658685
501,villa,1987.0,Downtown,90,5,2.0,3.489533905,13407.136176
502,villa,2003.0,Suburban,362,4,3.0,0.49409958,105579.8293
503,villa,2018.0,Old Town,394,5,,4.877762845,119806.3098
504,villa,1982.0,Suburban,182,4,3.0,0.425983812,65206.35018
505,Apartment,1989.0,Suburban,208,4,,4.351785199,67338.39339
506,villa,2010.0,Suburban,307,4,1.0,1.647872666,84802.51062
507,villa,2006.0,Downtown,430,3,2.0,1.536168535,71982.24
508,villa,1992.0,Old Town,417,2,3.0,2.035407234,137635.0161
509,Apartment,1998.0,Downtown,113,4,2.0,3.885541341,51434.676315
510,Apartment,2019.0,Old Town,133,5,1.0,1.078834412,45413.12855
511,villa,2009.0,Suburban,485,5,1.0,2.290704242,143549.2465
512,villa,2018.0,Downtown,474,5,1.0,2.495128239,147167.0501
513,villa,1986.0,Downtown,335,3,3.0,4.54686372,92117.96023
514,Apartment,1982.0,Suburban,161,2,,2.818764545,48960.92319
515,Apartment,1993.0,Downtown,181,5,,3.229402546,49898.271675
516,Apartment,1996.0,Old Town,489,2,2.0,4.480999521,122911.795
517,Apartment,2011.0,Downtown,409,2,,1.733435826,85166.77478
518,Apartment,1988.0,Suburban,402,3,2.0,0.454013854,86101.18936
519,villa,2021.0,Suburban,344,3,,3.963706573,68128.51195
520,villa,2019.0,Downtown,439,2,1.0,3.817803578,106629.5222
521,villa,2011.0,Old Town,400,3,1.0,1.689095129,120981.8638
522,Apartment,2005.0,Suburban,296,3,3.0,4.744978455,137419.4955
523,Apartment,1998.0,Old Town,295,4,1.0,4.185060218,77539.99275
524,villa,1999.0,Downtown,497,5,,0.113754064,97281.73824
525,villa,2008.0,Suburban,201,3,,0.617778231,75549.6666
526,Apartment,1981.0,Downtown,466,2,3.0,2.376253272,110484.3225
527,villa,2006.0,Old Town,298,2,,4.560451273,61287.82812
528,Apartment,2010.0,Old Town,384,3,1.0,0.963651177,100196.9896
529,Apartment,2001.0,Old Town,455,3,3.0,3.377863814,88937.50801
530,villa,1991.0,Suburban,439,2,,4.353270876,114199.2633
531,Apartment,2015.0,Suburban,198,5,3.0,4.656353917,47732.48954
532,villa,2014.0,Suburban,365,2,,3.314709658,93217.55814
533,Apartment,1980.0,Old Town,94,3,2.0,1.828928203,46692.48762
534,villa,2004.0,Suburban,256,3,3.0,1.882731462,65349.84514
535,villa,2012.0,Old Town,362,4,,3.835015726,90826.76168
536,Apartment,2020.0,Suburban,425,2,3.0,4.367102566,111936.2904
537,Apartment,1984.0,Downtown,395,3,,4.813159943,107058.0125
538,villa,2009.0,Downtown,204,5,1.0,3.820280151,45555.526185
540,villa,2017.0,Old Town,296,3,1.0,4.574020416,72767.23896
541,villa,2019.0,Downtown,447,2,3.0,4.719661375,83095.2902
542,Apartment,1982.0,Old Town,238,4,,2.391235216,61250.62942
543,villa,2013.0,Old Town,487,5,,4.747069337,140524.9375
544,villa,2005.0,Suburban,354,3,,3.055873268,100642.2334
545,villa,2007.0,Suburban,394,4,,2.104213785,77536.59186
546,Apartment,2002.0,Suburban,96,2,,4.425844857,10192.1264415
547,villa,2022.0,Old Town,294,5,,2.156461598,80066.0259
548,Apartment,1986.0,Suburban,318,5,3.0,1.865727516,71474.0439
549,villa,2009.0,Suburban,435,4,1.0,4.111711239,102416.8941
550,villa,2012.0,Suburban,271,4,,4.877839822,79688.12962
551,villa,2019.0,Old Town,267,4,1.0,3.348296589,47004.26613
552,villa,2003.0,Suburban,487,2,3.0,1.686346564,113725.3058
553,Apartment,2017.0,Suburban,205,2,1.0,4.194725903,35248.35048
554,Apartment,1990.0,Old Town,195,5,3.0,4.578096652,41831.11506
555,Apartment,1989.0,Old Town,164,5,1.0,0.830413045,35787.654345
556,Apartment,1981.0,Suburban,142,3,2.0,1.616168565,49049.24339
557,Apartment,1980.0,Old Town,316,3,3.0,3.123714808,80036.40779
558,villa,1983.0,Suburban,410,3,2.0,1.72972574,84916.78742
559,villa,2005.0,Downtown,205,4,1.0,3.128507827,46627.96785
560,villa,2020.0,Downtown,265,4,1.0,4.153375373,50210.780790000004
561,villa,1992.0,Old Town,283,4,2.0,0.778629767,56083.74385
562,villa,1983.0,Downtown,178,2,1.0,3.158524515,87491.4907
563,Apartment,2014.0,Suburban,393,3,1.0,3.350548943,96445.12301
564,villa,2007.0,Old Town,172,5,1.0,4.38162642,57633.17854
565,villa,1981.0,Old Town,410,2,2.0,3.593246705,101190.2325
566,Apartment,1988.0,Old Town,397,4,,3.966074786,106213.3847
567,Apartment,2018.0,Suburban,153,5,,0.911047969,51515.16179
568,Apartment,2013.0,Old Town,293,3,,0.749088869,51157.66805
569,Apartment,2011.0,Suburban,326,2,1.0,4.53208117,80881.27485
570,Apartment,2009.0,Downtown,203,5,1.0,0.910987508,82327.30389
571,Apartment,1993.0,Old Town,417,5,,1.914763521,88339.989
572,villa,1994.0,Downtown,177,3,2.0,3.971820177,49381.804395
573,Apartment,2008.0,Suburban,484,3,2.0,0.396150622,114846.1745
574,villa,1996.0,Downtown,77,3,2.0,2.648116695,36945.72219
575,Apartment,2015.0,Old Town,219,4,1.0,2.77492601,65248.35727
576,villa,2004.0,Downtown,462,4,2.0,0.119936927,140848.2331
577,Apartment,1986.0,Old Town,241,3,,2.026413672,70239.96467
578,Apartment,1998.0,Downtown,116,5,2.0,4.545131271,41638.406220000004
579,Apartment,2013.0,Downtown,70,4,3.0,2.18859426,42683.34259
580,villa,1988.0,Downtown,430,5,,4.576050653,121582.2204
581,Apartment,1994.0,Downtown,249,2,2.0,1.64716179,48504.614505000005
582,villa,1998.0,Old Town,108,2,1.0,2.576129711,77527.36481
583,villa,2021.0,Downtown,159,2,,4.230875899,75148.42776
584,Apartment,2019.0,Downtown,144,4,3.0,4.909106443,48953.57331
585,Apartment,2004.0,Downtown,296,3,,3.820037627,81558.20203
586,Apartment,1992.0,Old Town,193,2,1.0,1.783859556,74737.175
587,villa,1989.0,Downtown,413,2,2.0,1.638274769,99805.98415
588,Apartment,2013.0,Downtown,166,5,3.0,0.379662553,56107.03581
589,Apartment,2013.0,Old Town,409,4,,1.094315582,124341.5695
590,Apartment,2004.0,Downtown,352,4,2.0,3.822679663,67703.48185
591,villa,1995.0,Suburban,276,5,3.0,2.132685222,56953.36293
592,Apartment,2019.0,Downtown,102,4,,0.867048284,43928.16796
593,villa,1986.0,Suburban,185,5,3.0,1.558165537,55466.28954
594,villa,1997.0,Downtown,423,3,,2.985126091,124225.9312
595,Apartment,1988.0,Downtown,498,5,,4.787259144,121848.6397
596,villa,1981.0,Old Town,385,3,1.0,4.801196314,90469.89578
597,villa,1987.0,Suburban,383,4,1.0,0.658784575,55777.21049
598,Apartment,2000.0,Downtown,248,2,3.0,1.257719106,39079.99147
599,Apartment,2020.0,Downtown,243,4,3.0,3.03467965,61691.32189
600,villa,1988.0,Downtown,303,2,3.0,4.569076716,92241.14439
601,villa,1980.0,Downtown,202,4,,4.909316319,61123.56733
602,Apartment,2021.0,Downtown,163,5,,3.66289455,38185.16052
603,Apartment,1982.0,Suburban,417,5,,2.117026766,98814.56867
604,Apartment,2012.0,Old Town,471,3,3.0,4.376706685,122093.5927
605,Apartment,2002.0,Old Town,489,5,,2.154727847,123814.2236
606,villa,1990.0,Suburban,264,2,3.0,3.367550198,94090.9103
607,Apartment,2010.0,Old Town,474,5,1.0,2.499178776,121428.8154
608,villa,1988.0,Old Town,499,3,,3.919404331,95125.08076
609,Apartment,2001.0,Suburban,255,2,,3.704368606,38298.8373
610,villa,1983.0,Old Town,445,2,,2.014403186,141625.1867
611,Apartment,1985.0,Downtown,234,4,2.0,0.593985606,35076.79077
612,Apartment,2007.0,Old Town,431,2,2.0,4.763658693,123039.9491
613,Apartment,2006.0,Old Town,260,5,,4.601187607,59632.5453
614,villa,1992.0,Downtown,74,4,3.0,0.991199953,22657.25118
615,villa,1980.0,Suburban,275,3,2.0,1.09617657,66067.34434
616,Apartment,1983.0,Downtown,484,4,,3.959803531,145427.6992
617,villa,2012.0,Suburban,435,3,2.0,3.955146283,104893.1634
618,Apartment,2020.0,Downtown,413,3,2.0,4.830903439,102583.6143
619,villa,2000.0,Suburban,296,4,,4.988240552,43383.93005
620,villa,1994.0,Downtown,489,2,2.0,2.54196631,126383.8102
621,Apartment,2004.0,Downtown,143,5,1.0,4.805795921,46370.85014
622,Apartment,1983.0,Downtown,288,3,2.0,4.098287895,76782.91161
623,Apartment,2012.0,Suburban,96,2,1.0,3.8062202,51957.92522
624,villa,1989.0,Suburban,444,3,,1.893168122,112103.4271
625,villa,1986.0,Suburban,92,5,1.0,4.266889516,43469.32368
626,villa,1983.0,Old Town,277,3,3.0,4.603644589,102220.0802
627,Apartment,2008.0,Old Town,424,3,1.0,3.696613761,74999.71621
628,villa,1983.0,Downtown,160,4,1.0,3.267786845,46325.23956
629,Apartment,1995.0,Downtown,121,4,2.0,3.237957053,58773.17504
630,Apartment,2012.0,Downtown,372,3,1.0,0.862833988,111722.583
631,Apartment,2018.0,Downtown,278,5,1.0,1.177563317,83067.60198
632,villa,2008.0,Downtown,131,4,,1.221820837,49403.01479
633,Apartment,1985.0,Old Town,373,4,2.0,0.897109999,99791.32418
634,villa,1981.0,Downtown,174,3,3.0,2.44219796,76131.94855
635,villa,1997.0,Old Town,198,3,3.0,0.427906635,57055.18339
636,villa,1988.0,Old Town,464,5,2.0,1.508383729,120797.3421
637,villa,1989.0,Downtown,467,4,3.0,4.056406173,119929.1735
638,villa,1993.0,Suburban,397,4,2.0,4.631725745,103107.2791
639,Apartment,2021.0,Old Town,164,3,2.0,4.340547289,26789.48157
640,villa,2004.0,Old Town,76,4,1.0,1.654126775,51620.191634999996
641,Apartment,1984.0,Suburban,243,3,2.0,2.6935856,58141.20532
642,Apartment,1987.0,Old Town,315,2,3.0,4.675047288,115188.302
643,villa,1985.0,Suburban,484,3,2.0,2.876729657,119486.9906
644,Apartment,2019.0,Downtown,85,3,1.0,1.350624239,44502.54852
645,Apartment,2000.0,Downtown,239,3,1.0,3.454530541,64682.04373
646,Apartment,1983.0,Downtown,236,2,3.0,3.201973676,46488.8593
647,villa,1981.0,Old Town,379,3,,0.500198827,114592.7366
648,villa,1989.0,Suburban,497,3,,3.873807301,162351.2728
649,Apartment,2006.0,Suburban,152,3,1.0,0.541913486,37704.45561
650,Apartment,1981.0,Old Town,461,2,2.0,3.179933091,109240.4243
651,villa,2020.0,Suburban,290,2,2.0,3.483483058,65399.42538
652,Apartment,2018.0,Old Town,391,5,,3.006705468,59902.76213
653,Apartment,2001.0,Old Town,239,4,2.0,1.929049076,56193.73713
654,Apartment,1992.0,Old Town,392,2,2.0,3.068165902,103019.9623
655,villa,1986.0,Downtown,184,3,2.0,2.807696067,67095.1585
656,Apartment,2012.0,Suburban,418,3,1.0,3.016490311,123700.9548
657,villa,2022.0,Suburban,404,5,2.0,4.06777875,92670.01835
658,villa,2000.0,Old Town,299,4,,4.147258046,69213.5401
659,villa,1992.0,Downtown,289,5,1.0,3.808049511,94728.10611
660,Apartment,2002.0,Old Town,316,4,1.0,2.46325319,75530.72206
661,Apartment,2000.0,Old Town,170,3,2.0,1.839949476,48449.1138
662,villa,2013.0,Old Town,485,5,3.0,4.403582124,149100.369
663,Apartment,2012.0,Suburban,291,4,1.0,4.396135511,93501.71334
664,villa,1989.0,Suburban,248,2,2.0,4.086844581,62375.83584
665,Apartment,2016.0,Downtown,244,5,1.0,4.433348373,49124.45104
666,Apartment,1983.0,Old Town,163,3,1.0,2.036772494,768.59042265
667,Apartment,2021.0,Old Town,184,5,1.0,2.718824167,57794.07211
668,Apartment,1988.0,Suburban,231,3,3.0,2.892464833,39822.60555
669,villa,2008.0,Old Town,338,2,3.0,3.617835795,45245.35982
670,villa,1993.0,Downtown,294,3,3.0,3.932559361,105196.4105
671,Apartment,2003.0,Downtown,303,3,3.0,2.854740739,88709.35582
672,villa,1987.0,Downtown,406,2,3.0,4.523381694,78719.83614
673,Apartment,1992.0,Old Town,136,4,3.0,1.200765066,14567.9585115
674,villa,1982.0,Suburban,195,3,,2.102523398,66169.23564
675,Apartment,2016.0,Suburban,208,2,3.0,0.380731352,51660.881505
676,villa,1993.0,Old Town,182,2,3.0,4.911353729,71422.99735
677,villa,2003.0,Old Town,288,4,1.0,4.026492257,84329.18625
678,Apartment,2019.0,Suburban,225,5,1.0,0.705295753,66981.93041
679,villa,1989.0,Downtown,254,5,3.0,1.736292015,71593.90911
680,Apartment,2019.0,Downtown,190,5,3.0,2.718152074,51329.01744
681,villa,1995.0,Downtown,391,4,,1.553313448,115360.224
682,Apartment,1991.0,Downtown,267,3,,0.677723158,57668.39275
683,villa,1989.0,Old Town,414,2,1.0,3.033729662,105219.0395
684,villa,1981.0,Downtown,360,3,1.0,1.195815911,105038.9318
685,Apartment,2006.0,Suburban,73,5,1.0,3.201272588,44264.691555
686,villa,1991.0,Suburban,258,5,1.0,3.485235341,40600.26389
687,villa,2011.0,Suburban,308,2,1.0,4.089143586,66991.80665
688,Apartment,1991.0,Suburban,235,2,2.0,2.288258025,63806.07011
689,Apartment,1981.0,Downtown,241,3,3.0,3.521698768,52089.70582
690,villa,1988.0,Suburban,281,3,3.0,0.272245125,105743.1712
691,Apartment,2005.0,Downtown,414,5,1.0,3.191639381,95636.9361
692,Apartment,2010.0,Downtown,140,2,3.0,2.229305088,47633.446575
693,Apartment,2013.0,Old Town,218,2,1.0,4.064449219,69888.60356
694,Apartment,2003.0,Suburban,460,5,2.0,4.94065894,121610.6549
695,villa,2000.0,Downtown,354,5,2.0,1.53291106,85594.51086
696,Apartment,1988.0,Downtown,185,5,3.0,4.482774209,46680.19413
697,Apartment,1980.0,Suburban,460,5,,0.619352988,121030.2811
698,Apartment,2014.0,Suburban,392,3,1.0,2.316678248,118781.9288
699,villa,2010.0,Suburban,162,4,2.0,3.506883708,50081.90448
700,villa,2018.0,Suburban,172,5,1.0,4.329251286,41154.494355
701,Apartment,2000.0,Old Town,427,2,,1.18394295,141485.4991
702,villa,2017.0,Downtown,449,4,,2.513903856,83318.4422
703,villa,2002.0,Downtown,267,5,3.0,4.88195013,35096.28716
704,villa,2022.0,Suburban,179,3,3.0,3.712645466,63961.14449
705,Apartment,2002.0,Downtown,399,5,,2.030634089,104266.8096
706,villa,2021.0,Downtown,170,5,3.0,2.537984832,47265.043605
707,Apartment,2000.0,Old Town,252,5,,4.606292023,41028.58545
708,villa,1987.0,Old Town,403,4,2.0,2.485265621,147165.9968
709,Apartment,1981.0,Downtown,475,4,2.0,0.384622822,121091.8174
710,Apartment,,Old Town,229,5,1.0,1.103016583,67934.02342
711,Apartment,1992.0,Suburban,151,2,1.0,0.118385737,44107.70194
712,Apartment,1985.0,Old Town,105,2,,2.453106168,52419.238725
713,villa,2001.0,Old Town,307,5,2.0,4.869686652,87551.88921
714,Apartment,1985.0,Suburban,313,4,,4.032111506,92898.4802
715,villa,1996.0,Suburban,320,2,1.0,0.302316854,72495.55198
716,Apartment,2003.0,Old Town,462,4,1.0,4.661240581,109667.1603
717,Apartment,2020.0,Old Town,324,4,2.0,0.64545023,46179.54383
718,villa,2017.0,Old Town,351,5,3.0,0.212686569,72143.91187
719,villa,2019.0,Old Town,91,5,,1.136822431,42258.383895
720,villa,2020.0,Suburban,499,5,1.0,2.550790048,145650.4675
721,Apartment,2018.0,Downtown,299,5,1.0,0.481025013,86730.79053
722,villa,1980.0,Downtown,470,3,,3.928642176,110686.1531
723,villa,1989.0,Suburban,223,4,2.0,0.185659257,45729.812640000004
725,Apartment,1984.0,Old Town,235,2,2.0,3.032167415,81784.6795
726,Apartment,2008.0,Downtown,453,4,3.0,2.111815475,101465.4203
727,villa,2015.0,Downtown,455,3,,2.356036074,104780.6999
728,villa,2000.0,Old Town,459,3,2.0,3.382934752,117381.4794
729,villa,1986.0,Suburban,268,5,2.0,1.862207601,38888.79905
730,Apartment,2021.0,Suburban,466,5,3.0,1.279213502,109504.3564
731,Apartment,2011.0,Suburban,416,3,3.0,4.599296444,144469.439
732,villa,2005.0,Old Town,144,4,3.0,1.791421646,46107.73877
733,Apartment,1996.0,Old Town,148,2,,2.442302598,44184.98313
734,villa,1984.0,Old Town,388,4,2.0,4.11779854,65350.11044
735,Apartment,1993.0,Old Town,142,5,2.0,3.20072813,80372.03789
736,Apartment,2013.0,Downtown,269,2,3.0,3.140084705,38794.10183
737,villa,1997.0,Suburban,371,3,1.0,3.230206736,131196.4951
738,Apartment,1981.0,Downtown,203,4,2.0,4.070824184,12673.319544
739,Apartment,2005.0,Old Town,117,3,1.0,2.676711646,57357.30877
740,villa,2002.0,Downtown,257,2,3.0,0.471686816,96611.08538
741,villa,2022.0,Downtown,240,3,3.0,3.361013888,43511.81757
742,villa,2002.0,Downtown,208,3,1.0,0.90847727,60451.60745
743,villa,1997.0,Suburban,312,2,1.0,4.160663497,88949.61144
744,Apartment,1983.0,Old Town,383,2,1.0,0.867058874,79474.11034
745,Apartment,1999.0,Old Town,415,3,1.0,4.786596611,74767.64779
746,Apartment,2009.0,Suburban,457,2,,3.580723575,87895.65314
747,villa,1984.0,Suburban,195,4,,1.390591819,59570.1644
748,Apartment,2000.0,Suburban,276,4,,1.116550678,67297.68795
749,Apartment,2010.0,Suburban,408,2,1.0,4.403458011,90713.97933
750,Apartment,1995.0,Old Town,267,5,,1.229930809,86085.36022
751,villa,2013.0,Suburban,256,4,2.0,2.118120148,74161.35819
752,Apartment,1984.0,Old Town,458,3,,2.355559725,99390.74547
754,villa,2017.0,Old Town,267,5,,3.70376338,77215.23477
755,villa,1980.0,Downtown,420,4,,0.627590045,94248.33263
756,Apartment,1997.0,Downtown,222,2,,4.286309219,57484.09725
757,Apartment,1997.0,Suburban,201,5,1.0,2.70564065,81775.97945
758,Apartment,2019.0,Suburban,395,4,1.0,3.121756749,108796.5648
759,villa,2020.0,Old Town,494,2,2.0,4.161402767,106254.66
760,Apartment,1998.0,Old Town,234,5,1.0,1.747649446,61713.2238
761,villa,1985.0,Downtown,128,3,1.0,4.82920708,19420.65141
762,Apartment,2014.0,Old Town,247,5,2.0,3.097829005,93920.44312
763,villa,1983.0,Suburban,222,5,1.0,0.708789992,44268.42501
764,Apartment,1980.0,Old Town,231,3,1.0,1.51007786,61895.41494
765,Apartment,2015.0,Downtown,472,5,2.0,2.53167867,124154.6515
766,villa,2005.0,Downtown,423,2,1.0,3.455252791,108935.0094
767,Apartment,2000.0,Downtown,311,4,1.0,1.090589927,38579.0209
768,Apartment,2009.0,Old Town,205,4,1.0,2.192124275,33482.36808
769,villa,1981.0,Downtown,305,2,3.0,0.627630387,67202.99449
770,villa,1994.0,Suburban,116,4,1.0,0.984664897,35388.63667
771,Apartment,2018.0,Suburban,197,4,,3.814774429,46494.41571
772,villa,1984.0,Downtown,487,2,,3.08587517,102607.0505
773,Apartment,1986.0,Old Town,407,5,3.0,2.315990657,74781.51362
774,villa,1997.0,Suburban,227,4,2.0,0.134961514,48718.84911
775,Apartment,2009.0,Downtown,82,3,2.0,0.424032404,16695.718665
776,Apartment,1981.0,Old Town,188,4,1.0,3.841479315,57256.72915
777,Apartment,1996.0,Downtown,372,5,2.0,0.559807223,86473.63076
778,villa,1982.0,Downtown,444,2,1.0,3.878104335,123054.1531
779,Apartment,1994.0,Old Town,358,2,3.0,3.64842466,77607.00461
780,Apartment,2022.0,Old Town,360,2,2.0,2.617296267,84880.84662
781,Apartment,2004.0,Old Town,185,3,3.0,1.858521044,39289.07241
782,Apartment,1985.0,Old Town,157,4,,4.51113488,35403.990990000006
783,Apartment,2001.0,Suburban,194,2,3.0,0.965256653,61002.37313
784,villa,1988.0,Downtown,479,5,3.0,4.289640222,103478.0801
785,Apartment,1988.0,Old Town,244,2,1.0,3.841030963,50567.1698
786,villa,2013.0,Old Town,433,2,1.0,3.371901164,106787.6071
787,Apartment,1985.0,Downtown,122,4,2.0,4.717614621,6828.6103215
788,Apartment,2012.0,Downtown,180,4,3.0,4.981023839,38501.30083
789,Apartment,1980.0,Old Town,134,4,2.0,3.967251319,28910.809215
790,Apartment,1986.0,Suburban,402,5,1.0,1.220950677,92736.91615
791,villa,1994.0,Old Town,444,4,3.0,3.45632218,109801.4399
792,Apartment,2017.0,Suburban,143,4,1.0,2.061879947,29627.59131
793,villa,2008.0,Suburban,216,4,2.0,0.699531181,49598.4844
794,villa,1996.0,Old Town,330,2,3.0,4.259046542,108673.375
795,Apartment,2009.0,Old Town,333,5,1.0,1.740208055,82734.02883
796,Apartment,1998.0,Suburban,201,3,,4.825814681,73155.24346
797,villa,2009.0,Old Town,118,5,3.0,4.074470563,36429.88884
798,villa,2017.0,Downtown,146,2,2.0,4.020260474,51983.2122
799,villa,1983.0,Old Town,363,3,1.0,4.151905928,75260.82062
800,villa,2022.0,Old Town,186,5,3.0,2.09983931,48598.1433
801,villa,1990.0,Old Town,118,2,,0.502821917,48267.387675000005
802,villa,2021.0,Old Town,179,2,1.0,4.97573913,48746.227829999996
803,villa,2019.0,Downtown,249,3,2.0,4.824338225,45793.43351
805,Apartment,2012.0,Downtown,141,3,,4.159592939,65172.79274
806,Apartment,2008.0,Downtown,416,5,2.0,2.439073726,84551.94221
807,villa,1994.0,Old Town,355,3,,4.638115725,115674.4215
808,Apartment,2011.0,Old Town,73,3,2.0,2.060295744,13350.2047905
809,villa,2014.0,Old Town,144,2,3.0,4.405403863,28125.201015000002
810,villa,2017.0,Downtown,154,4,3.0,0.163446197,50950.38281
811,Apartment,2015.0,Old Town,391,2,1.0,1.772380037,85126.16117
812,villa,1983.0,Old Town,445,2,1.0,3.120678448,122619.1784
813,Apartment,1993.0,Downtown,90,5,,4.288741074,23765.64705
814,Apartment,1998.0,Suburban,278,3,3.0,0.534555097,79108.48992
815,Apartment,1997.0,Downtown,112,5,2.0,0.465881084,12954.418082999999
816,Apartment,2014.0,Old Town,98,5,1.0,3.960575758,41127.02116
817,villa,2014.0,Suburban,480,3,2.0,2.873942797,129759.4537
818,villa,1999.0,Old Town,413,5,,0.746427439,84856.9862
819,villa,1984.0,Downtown,250,4,2.0,2.43916689,115358.7144
820,villa,1991.0,Suburban,374,3,1.0,1.102702764,104302.4605
821,villa,2001.0,Old Town,172,5,1.0,3.781819631,88809.34141
822,villa,1983.0,Downtown,335,4,1.0,4.096474305,115755.3564
823,villa,2014.0,Old Town,328,2,3.0,2.259056588,78223.3044
824,villa,1999.0,Old Town,442,3,3.0,4.842491141,102254.5649
825,villa,2006.0,Downtown,434,2,3.0,3.21343229,100430.8163
826,villa,1988.0,Suburban,303,5,,1.372314262,39149.42899
827,villa,2021.0,Suburban,415,4,,0.423057468,89833.29761
828,Apartment,1994.0,Suburban,450,4,3.0,3.516839991,117435.3205
829,Apartment,2015.0,Downtown,443,4,3.0,2.991008067,141269.1512
830,Apartment,1992.0,Downtown,170,2,,1.781499902,40566.84351
831,villa,1997.0,Downtown,160,4,1.0,3.718669458,57641.13199
832,Apartment,2022.0,Old Town,138,4,1.0,0.289804337,14172.199754999998
833,Apartment,2003.0,Downtown,175,2,2.0,4.276195729,48035.39925
834,villa,1997.0,Suburban,80,2,,1.034220634,16270.782164999999
835,Apartment,2012.0,Old Town,82,4,3.0,0.262318085,41904.332445
836,villa,1991.0,Old Town,174,5,,4.470413126,52646.19293
837,villa,2020.0,Suburban,295,5,,3.127849328,92996.8349
838,Apartment,1982.0,Suburban,491,3,1.0,0.709705081,138166.7392
839,villa,2002.0,Suburban,237,4,,3.17521118,64113.36431
840,Apartment,1984.0,Old Town,486,3,3.0,4.456266527,129307.2989
841,villa,2021.0,Suburban,448,2,3.0,2.966765232,143770.6138
842,Apartment,2022.0,Suburban,359,2,,3.780164576,79531.47638
843,Apartment,1995.0,Downtown,480,2,,4.4886871,135494.5664
844,Apartment,1997.0,Old Town,169,2,1.0,4.588934606,9130.682205000001
845,villa,2019.0,Old Town,287,5,3.0,0.798255636,79976.68486
846,Apartment,1993.0,Suburban,376,2,1.0,3.798033881,84335.00915
847,Apartment,2011.0,Suburban,414,2,,4.30530968,103551.4236
848,Apartment,2015.0,Downtown,280,5,2.0,4.917209962,90801.7249
849,villa,1983.0,Old Town,346,2,3.0,4.333495388,89792.87619
850,villa,2005.0,Old Town,292,3,2.0,3.446291371,90703.75082
851,villa,2008.0,Downtown,226,4,2.0,1.445593239,85975.2963
852,villa,1998.0,Suburban,142,4,,1.626104438,43281.87938
853,villa,2011.0,Old Town,344,2,1.0,3.97185916,109420.8213
854,villa,2003.0,Downtown,479,2,2.0,2.130409171,113218.7804
855,villa,1990.0,Suburban,478,2,2.0,4.264025859,119335.8024
856,villa,1993.0,Old Town,109,5,,2.407356884,25196.417504999998
857,Apartment,1993.0,Downtown,304,4,1.0,3.362002199,96859.55189
858,villa,1993.0,Downtown,193,3,2.0,4.782463282,56531.82708
859,Apartment,1999.0,Suburban,354,5,3.0,1.140205649,78355.31076
860,Apartment,1981.0,Old Town,222,5,1.0,1.513623674,58593.37667
861,Apartment,1983.0,Downtown,216,5,3.0,2.304553446,74831.36778
862,Apartment,1992.0,Suburban,265,3,2.0,3.951724914,65464.64018
863,villa,1988.0,Downtown,242,3,2.0,4.118333994,41521.34378
864,Apartment,1990.0,Suburban,281,4,2.0,4.111133923,72888.23512
865,Apartment,1986.0,Downtown,371,3,1.0,1.706275314,53138.68818
866,villa,2011.0,Old Town,380,2,,0.533960908,110375.4129
867,villa,2011.0,Old Town,70,2,,0.82875069,13610.172381
868,villa,2001.0,Suburban,208,4,,0.861667746,42613.78527
869,villa,1993.0,Downtown,265,3,2.0,3.388339454,83763.91358
870,Apartment,1987.0,Suburban,460,4,2.0,2.835638839,87696.74246
871,villa,2008.0,Suburban,289,4,1.0,0.986981219,111191.9729
872,Apartment,1998.0,Suburban,425,3,3.0,2.309017531,96645.15917
873,Apartment,2009.0,Downtown,473,5,3.0,2.591279688,107784.9811
874,Apartment,2006.0,Suburban,232,3,1.0,3.911930452,78424.49486
875,villa,1995.0,Downtown,120,2,,2.954587511,44173.90546
876,Apartment,1981.0,Suburban,312,3,,1.948168382,127024.5944
877,Apartment,2005.0,Suburban,428,5,2.0,4.752058016,102775.8803
878,villa,1998.0,Old Town,90,3,,2.562643799,30137.800844999998
879,villa,2019.0,Old Town,241,2,,4.321605079,45995.5206
880,Apartment,2002.0,Suburban,188,2,,2.264192227,40357.95445
881,villa,2007.0,Old Town,198,5,2.0,0.173315876,35071.37409
882,villa,1991.0,Suburban,435,5,,3.050451873,99774.65974
883,Apartment,2018.0,Old Town,175,2,3.0,4.031886584,13299.3673035
884,villa,1980.0,Suburban,264,2,2.0,1.490854404,99212.1512
885,Apartment,1989.0,Old Town,295,3,3.0,3.561090795,45417.93035
887,villa,1985.0,Suburban,341,4,3.0,1.834754483,61481.51157
888,villa,2003.0,Suburban,188,5,1.0,0.394606549,52384.813409999995
889,Apartment,1986.0,Downtown,103,5,,1.842751365,4138.378102500001
890,Apartment,2002.0,Downtown,221,4,2.0,4.062959659,77216.07081
891,Apartment,2003.0,Downtown,466,2,2.0,3.999345248,113743.2164
892,Apartment,1981.0,Downtown,459,5,1.0,4.227262798,115257.7121
893,villa,2006.0,Downtown,108,3,2.0,4.014632518,39207.83529
894,Apartment,2011.0,Old Town,327,4,,3.856854201,87470.25054
895,Apartment,1999.0,Old Town,336,3,2.0,4.184589061,103571.3459
897,villa,2020.0,Old Town,451,2,3.0,1.182815535,101799.638
898,villa,1987.0,Old Town,332,5,3.0,3.565561993,96319.34292
900,Apartment,1997.0,Suburban,492,5,2.0,0.811018399,95496.31041
901,villa,2020.0,Old Town,401,2,3.0,3.703622154,110269.8446
902,Apartment,1980.0,Suburban,440,3,2.0,4.618638935,100395.0193
903,villa,1991.0,Downtown,411,3,3.0,3.293536465,121472.151
904,villa,2016.0,Suburban,452,3,1.0,1.775837312,129183.6059
905,Apartment,2015.0,Downtown,440,3,2.0,3.393364583,86038.1424
906,Apartment,1993.0,Suburban,248,5,1.0,4.646084676,70133.14175
907,villa,1988.0,Suburban,377,5,1.0,4.683159294,118283.9571
908,villa,2018.0,Downtown,328,3,3.0,4.344793438,84948.68803
909,Apartment,1990.0,Downtown,402,3,1.0,2.826934337,80950.70246
910,villa,2005.0,Old Town,227,2,,2.901985629,74337.79884
911,villa,2021.0,Downtown,79,5,3.0,4.801436547,48687.735795
912,Apartment,1989.0,Old Town,185,5,3.0,3.345439565,57102.21567
913,Apartment,2000.0,Old Town,459,3,,0.199096907,129068.7779
915,Apartment,2019.0,Suburban,251,5,1.0,2.013484286,80368.75122
916,Apartment,1996.0,Old Town,305,3,3.0,2.485287571,112412.6362
917,villa,1998.0,Old Town,263,4,,1.587972034,74482.76949
918,Apartment,1994.0,Old Town,369,4,1.0,1.150684378,96104.57993
919,villa,2003.0,Downtown,149,4,,3.581889743,51178.77347
920,villa,2015.0,Downtown,132,5,,0.928931751,39764.50947
921,Apartment,2010.0,Suburban,402,2,,0.546352961,113535.6252
922,villa,1983.0,Old Town,117,5,3.0,2.109221323,43919.13
923,Apartment,1990.0,Suburban,146,3,,4.071575095,31748.854365
924,villa,2012.0,Downtown,219,2,2.0,3.825330418,51995.31864
925,Apartment,2001.0,Old Town,190,3,3.0,1.258323929,41304.24816
926,villa,2021.0,Downtown,344,2,,1.407788148,58539.14898
927,villa,2013.0,Old Town,415,2,1.0,4.937023215,82395.15978
928,Apartment,1998.0,Downtown,83,2,3.0,0.464045418,55975.32255
929,villa,2013.0,Downtown,292,2,3.0,0.485375403,88081.91327
930,villa,1992.0,Suburban,162,4,1.0,0.544228738,41999.178285
931,villa,1982.0,Suburban,306,2,1.0,1.686500442,68692.14612
932,villa,2005.0,Downtown,175,2,1.0,3.842801228,46001.15062
933,villa,2022.0,Old Town,283,3,2.0,4.464389804,57639.09941
934,villa,2010.0,Suburban,76,3,,4.668832334,30525.505709999998
935,villa,2008.0,Old Town,170,4,3.0,1.336793967,58052.08276
936,Apartment,2021.0,Downtown,118,2,1.0,2.354880726,43177.717995
937,Apartment,1997.0,Suburban,110,3,,0.558188973,51330.47227500001
938,Apartment,1994.0,Downtown,480,2,,2.825543774,137729.8308
939,Apartment,1993.0,Old Town,228,2,1.0,0.132046348,51557.36488
940,villa,2013.0,Suburban,459,5,3.0,2.352204737,120445.812
941,villa,2002.0,Suburban,213,2,3.0,4.904010845,47062.44814
942,Apartment,2004.0,Old Town,107,3,,0.788079889,39269.1339
943,villa,2010.0,Downtown,129,5,,1.132706088,38633.09205
944,Apartment,1990.0,Old Town,183,5,3.0,1.460458401,35172.60293
945,Apartment,1983.0,Downtown,165,3,2.0,4.347264547,44724.23706
946,Apartment,2011.0,Downtown,422,2,3.0,4.460966306,116830.9063
947,Apartment,2012.0,Old Town,278,2,,4.731874308,72426.08892
948,villa,1993.0,Downtown,358,2,3.0,1.317192531,99474.53917
949,Apartment,2019.0,Suburban,132,5,2.0,2.322118898,27362.046599999998
950,villa,1980.0,Suburban,464,3,3.0,1.971833578,91925.29616
951,Apartment,2004.0,Suburban,466,5,,3.019703164,124840.8701
952,Apartment,2000.0,Suburban,163,5,2.0,1.550193989,54507.62782
953,villa,2021.0,Suburban,390,2,3.0,4.162177502,98497.14533
954,villa,2006.0,Suburban,483,4,1.0,4.540083728,147710.7156
955,villa,2007.0,Suburban,416,2,3.0,4.509851911,122153.976
956,Apartment,2003.0,Suburban,220,4,2.0,1.389595573,108611.4168
957,villa,2006.0,Downtown,473,3,,2.47399685,114233.8297
958,Apartment,1989.0,Suburban,459,5,,2.735469675,94773.02408
959,villa,2013.0,Suburban,362,2,,4.852637099,75697.26419
960,Apartment,2006.0,Downtown,153,3,2.0,2.245808629,40410.065805000006
961,Apartment,2021.0,Downtown,197,4,1.0,0.442144164,58770.62767
962,villa,2011.0,Downtown,331,5,1.0,3.252656908,39588.62872
963,Apartment,2020.0,Downtown,418,5,3.0,0.954875141,130871.0204
964,Apartment,2011.0,Downtown,224,3,3.0,1.889440703,51214.06818
965,villa,1988.0,Downtown,311,3,2.0,2.638569535,72814.12884
966,Apartment,2016.0,Old Town,153,3,2.0,4.817600412,24994.70502
967,Apartment,1997.0,Old Town,466,2,2.0,0.882320239,114215.489
968,Apartment,2010.0,Downtown,205,5,2.0,4.274173629,51514.79535
969,Apartment,1981.0,Downtown,250,3,1.0,0.192038807,60061.10145
970,Apartment,2009.0,Suburban,150,4,,0.334738604,44281.18512
971,villa,1996.0,Suburban,483,2,2.0,2.449372949,108957.3592
973,Apartment,1988.0,Suburban,285,5,1.0,1.026140561,82216.56261
974,villa,2016.0,Suburban,277,5,2.0,1.00670448,71223.34908
975,Apartment,2009.0,Downtown,400,4,1.0,3.626628952,103943.6211
976,villa,1995.0,Suburban,322,2,3.0,1.611303821,101680.5451
977,villa,1993.0,Old Town,201,3,,3.580254381,44698.068255
978,Apartment,2005.0,Old Town,131,3,,2.635726197,23467.786275000002
979,villa,2017.0,Suburban,393,3,2.0,1.897997782,123394.393
980,Apartment,1996.0,Old Town,214,3,1.0,0.324283226,35763.499274999995
981,villa,1991.0,Downtown,438,3,2.0,4.865259156,83311.75707
982,Apartment,1982.0,Downtown,154,4,3.0,1.96205894,54857.23662
983,Apartment,2013.0,Downtown,186,4,,3.969213991,51264.00384
984,villa,2008.0,Downtown,299,2,3.0,1.749792842,76854.64274
985,Apartment,2006.0,Old Town,325,5,,4.499146523,79416.81184
986,Apartment,2021.0,Downtown,382,3,2.0,0.453421577,96125.35094
987,villa,1981.0,Suburban,388,5,2.0,1.478767195,95157.75771
988,Apartment,2006.0,Downtown,118,3,1.0,2.678398005,56608.85405
989,Apartment,1988.0,Old Town,215,3,2.0,3.103596554,45787.03742
990,Apartment,1999.0,Suburban,443,4,3.0,3.252926073,107522.5293
991,villa,2007.0,Suburban,79,2,,2.020308045,55638.9761
992,villa,2015.0,Suburban,260,3,2.0,3.175620111,65550.19404
993,villa,2002.0,Old Town,149,5,1.0,4.344497262,81890.32779
994,villa,2005.0,Suburban,300,2,,4.20656562,72900.40598
995,Apartment,2004.0,Downtown,276,4,3.0,1.336221784,96348.29965
996,Apartment,2000.0,Downtown,487,3,3.0,0.303825371,88643.11923
997,villa,2016.0,Old Town,458,4,3.0,1.274269118,117572.8892
998,Apartment,2004.0,Old Town,470,3,,4.115576524,85810.52874
999,Apartment,2010.0,Downtown,298,5,3.0,3.328692531,91389.08613
1000,Apartment,1992.0,Downtown,397,2,1.0,0.71005111,74992.64368
1001,villa,2022.0,Suburban,388,5,3.0,0.904952699,102675.3911
1002,Apartment,2008.0,Downtown,349,3,1.0,1.399225619,81606.08247
1003,Apartment,1984.0,Downtown,417,3,3.0,4.286016865,81085.9363
1004,villa,1981.0,Downtown,436,4,1.0,2.050030217,76612.80034
1005,villa,1985.0,Suburban,77,2,2.0,1.764304552,13543.786091999998
1006,Apartment,2001.0,Suburban,348,5,,1.205700605,121812.5889
1007,Apartment,2004.0,Old Town,424,2,1.0,3.402217481,100130.2989
1008,Apartment,1988.0,Suburban,228,3,2.0,4.843390574,75344.43084
1009,Apartment,2010.0,Downtown,316,5,2.0,0.488813754,77859.14265
1010,Apartment,2012.0,Old Town,150,4,3.0,2.563359933,55034.53547
1011,Apartment,2001.0,Downtown,225,3,3.0,4.522471461,29567.658645000003
1012,Apartment,1983.0,Downtown,117,4,2.0,1.411135124,31779.35079
1013,villa,2000.0,Downtown,184,5,2.0,1.761278428,64988.11048
1014,villa,1997.0,Downtown,81,5,2.0,2.517943396,25477.35153
1015,villa,1997.0,Old Town,404,3,3.0,0.786607228,99270.89435
1016,villa,1991.0,Old Town,356,3,3.0,4.038544869,80390.76176
1017,villa,1998.0,Suburban,160,4,,1.333873425,62987.58767
1018,Apartment,2015.0,Suburban,360,3,2.0,0.388222204,95950.28708
1019,Apartment,2001.0,Downtown,124,2,1.0,3.357276201,47820.66828
1020,Apartment,2014.0,Old Town,407,2,,2.771959984,114611.0909
1021,villa,2013.0,Old Town,233,4,3.0,4.655226732,70014.49858
1022,villa,1989.0,Downtown,141,4,3.0,3.93494072,39501.74093
1023,Apartment,2007.0,Downtown,435,3,2.0,0.276496055,139690.6299
1024,Apartment,2003.0,Suburban,385,3,3.0,2.696014527,95044.24933
1025,Apartment,2021.0,Downtown,182,2,2.0,4.352366599,51061.62096
1026,Apartment,2016.0,Old Town,491,4,1.0,0.189844669,109890.9489
1027,Apartment,2013.0,Suburban,138,4,3.0,1.929977354,37502.30454
1028,Apartment,1991.0,Suburban,83,2,3.0,4.182149596,52505.23047
1029,Apartment,1988.0,Old Town,171,4,2.0,1.321744512,44827.27194
1030,Apartment,2009.0,Suburban,345,3,2.0,0.159691168,63578.14349
1031,villa,2013.0,Suburban,433,4,3.0,1.768804564,128185.1929
1032,Apartment,1994.0,Old Town,334,4,2.0,0.269488736,80524.67696
1033,villa,2010.0,Suburban,422,3,3.0,4.586882466,107420.0841
1034,villa,2011.0,Suburban,279,3,1.0,4.278616293,68847.73393
1035,Apartment,2003.0,Old Town,267,2,1.0,2.167415387,68332.43448
1036,Apartment,2001.0,Downtown,450,2,3.0,2.098311836,129510.6137
1037,Apartment,1982.0,Old Town,170,2,,4.899187072,38576.274285
1038,Apartment,2006.0,Suburban,455,5,3.0,2.497379884,93514.51832
1039,villa,2016.0,Suburban,323,5,2.0,2.23977785,82449.36274
1040,villa,1989.0,Old Town,227,4,3.0,2.062300954,36931.809315
1041,villa,1981.0,Old Town,459,3,,1.656717762,87288.92928
1042,villa,1983.0,Old Town,300,4,1.0,1.781833276,112333.663
1043,Apartment,1997.0,Old Town,494,3,1.0,2.277480475,138649.3666
1044,villa,1981.0,Old Town,220,3,1.0,4.625264614,54798.87056
1045,Apartment,2010.0,Suburban,100,4,,4.401455571,49760.13872
1046,Apartment,2014.0,Old Town,325,4,1.0,3.837567618,60438.0154
1047,Apartment,2013.0,Downtown,89,5,2.0,3.940543208,23906.906295
1048,villa,1990.0,Old Town,330,4,1.0,2.177217946,94969.07219
1049,Apartment,1986.0,Downtown,218,3,2.0,2.955825259,72313.43363
1050,Apartment,1985.0,Suburban,432,3,,4.494911914,118258.3369
1052,Apartment,1986.0,Old Town,193,3,1.0,2.047347876,43332.536475
1053,Apartment,2021.0,Downtown,284,5,3.0,1.398903118,80541.36185
1054,villa,2018.0,Old Town,386,3,,0.320200024,89380.97014
1055,villa,1985.0,Downtown,299,4,1.0,0.179544901,125554.6324
1056,villa,2010.0,Downtown,320,3,,1.434945197,98531.16602
1057,Apartment,1988.0,Old Town,163,2,1.0,4.711750312,51911.63761
1058,villa,1997.0,Old Town,239,4,3.0,1.68876624,37411.00893
1059,Apartment,2002.0,Downtown,110,5,2.0,4.454003773,40191.097815
1060,Apartment,1983.0,Old Town,258,2,,0.67880089,69324.07928
1061,villa,1995.0,Downtown,279,2,3.0,3.405880307,92305.6726
1062,villa,2018.0,Suburban,249,2,,1.710027804,79872.62194
1063,villa,2010.0,Downtown,366,5,3.0,4.473175212,112159.7839
1064,Apartment,1986.0,Suburban,129,2,3.0,3.518902848,20657.639519999997
1065,Apartment,2009.0,Downtown,99,2,3.0,1.776434272,52993.03397
1066,villa,2002.0,Suburban,295,5,1.0,2.488914962,46141.38495
1067,Apartment,1990.0,Downtown,164,2,,1.249741789,45422.563155
1068,Apartment,2008.0,Suburban,308,4,3.0,0.247541136,85615.4227
1069,Apartment,1987.0,Downtown,235,4,,0.417192288,55752.16817
1070,villa,2007.0,Suburban,452,3,,4.077693091,92879.26284
1071,Apartment,1999.0,Old Town,286,4,2.0,3.723887322,55069.00349
1072,villa,1982.0,Suburban,342,2,3.0,3.363185004,54534.91354
1073,villa,1987.0,Suburban,425,4,3.0,4.574368102,116889.4928
1074,Apartment,1992.0,Suburban,237,5,2.0,1.336736179,84461.3769
1075,villa,1999.0,Downtown,227,5,3.0,0.188487957,54742.12993
1076,Apartment,2010.0,Old Town,135,5,2.0,4.581985927,38614.53555
1077,Apartment,2010.0,Old Town,349,2,2.0,4.934198173,57803.54143
1078,Apartment,2007.0,Downtown,270,5,2.0,0.919008224,85764.03849
1079,Apartment,1995.0,Suburban,454,2,,3.343119895,157726.0867
1080,villa,2003.0,Downtown,157,4,,0.596142114,4951.3258695
1081,villa,2010.0,Suburban,363,5,,0.370956595,69481.34124
1082,villa,1999.0,Old Town,437,2,3.0,1.877016502,95658.13915
1083,Apartment,1988.0,Old Town,480,2,2.0,0.592921798,108713.6418
1084,villa,1993.0,Downtown,287,2,3.0,0.644811254,76296.919
1085,Apartment,2018.0,Downtown,415,2,3.0,2.520470196,136034.9909
1086,villa,2018.0,Downtown,204,5,3.0,2.696395502,71171.94574
1087,Apartment,1982.0,Downtown,286,2,3.0,2.029223075,82051.94766
1088,villa,2022.0,Suburban,171,4,,3.358752087,42407.13888
1089,Apartment,1984.0,Downtown,367,2,2.0,4.934761272,69357.43533
1090,villa,2018.0,Suburban,471,4,3.0,4.225050678,101814.4939
1091,Apartment,1985.0,Downtown,438,4,2.0,3.84441244,140461.336
1092,villa,2013.0,Suburban,113,4,,2.139898207,40522.700955
1093,Apartment,2004.0,Suburban,180,5,1.0,1.716261942,36063.27493
1094,Apartment,2008.0,Downtown,444,4,1.0,2.899381951,107324.8854
1095,villa,2001.0,Downtown,473,4,1.0,1.610386732,134742.3644
1096,Apartment,1994.0,Old Town,309,2,2.0,0.932690816,50993.00651
1097,villa,1984.0,Downtown,348,4,2.0,4.354330354,115297.4827
1098,villa,2021.0,Downtown,435,5,3.0,0.691456158,111879.5251
1099,Apartment,1997.0,Suburban,465,5,2.0,4.923281677,111923.1204
1100,Apartment,1995.0,Suburban,81,5,1.0,1.371039393,43660.383405
1101,villa,2005.0,Downtown,487,4,,3.712540825,126117.9415
1102,villa,2016.0,Suburban,461,3,1.0,0.399419518,108366.0709
1103,Apartment,1992.0,Old Town,189,4,,4.03537591,42195.78656
1104,villa,2018.0,Suburban,352,4,1.0,2.627260877,70622.74906
1105,villa,2009.0,Suburban,118,3,1.0,4.840865176,42627.81502
1106,villa,2010.0,Old Town,269,4,,2.512448617,56610.12381
1107,Apartment,2014.0,Old Town,309,2,1.0,3.91055729,58124.83155
1108,Apartment,1999.0,Old Town,252,4,1.0,1.239256661,66317.27045
1109,villa,2022.0,Downtown,166,3,2.0,1.806285697,68082.82565
1110,Apartment,1999.0,Suburban,426,4,2.0,3.96437131,105533.1075
1111,villa,2011.0,Old Town,408,2,3.0,4.376569327,89837.97486
1112,villa,2021.0,Downtown,157,4,,0.621382439,47327.92042
1113,Apartment,2016.0,Old Town,475,5,,3.486928225,157484.2492
1115,villa,1991.0,Old Town,334,5,2.0,4.739641765,91144.05576
1116,Apartment,1987.0,Old Town,336,5,2.0,1.885225511,88101.7325
1117,villa,1985.0,Downtown,331,2,2.0,1.564197791,105980.6761
1118,villa,1993.0,Downtown,364,5,,0.759130419,110818.1835
1119,villa,2014.0,Old Town,492,3,1.0,4.938476253,119265.8178
1120,villa,2012.0,Old Town,170,3,,3.867343566,13214.482338000002
1121,Apartment,2012.0,Old Town,187,2,3.0,3.166449249,62881.27536
1122,villa,2008.0,Suburban,129,5,,2.652858787,23319.219299999997
1123,Apartment,1992.0,Old Town,234,4,2.0,4.051323032,39565.19178
1124,villa,2009.0,Old Town,459,3,2.0,3.293126928,137717.0116
1125,villa,1990.0,Suburban,331,3,2.0,2.489348891,64532.99245
1126,Apartment,2022.0,Suburban,108,2,,2.264103224,55056.8948
1127,Apartment,1989.0,Old Town,233,5,,1.955056421,64966.89443
1128,Apartment,1999.0,Suburban,158,3,,4.852316892,45882.368
1129,Apartment,2002.0,Suburban,277,4,2.0,4.582530674,75395.29561
1130,Apartment,2003.0,Suburban,410,5,3.0,1.73595486,69731.52749
1131,villa,2010.0,Downtown,440,3,,0.417915763,74472.22767
1132,villa,1993.0,Suburban,335,5,,0.862118197,88061.06108
1133,Apartment,2011.0,Downtown,202,4,,3.02132801,61860.14718
1134,Apartment,1996.0,Downtown,94,5,3.0,3.64828394,37728.33096
1135,Apartment,1998.0,Downtown,164,2,2.0,4.32954448,36853.96449
1136,Apartment,1981.0,Downtown,456,2,3.0,4.557611035,114378.4421
1137,Apartment,1995.0,Downtown,409,5,,4.680616813,100609.3169
1138,Apartment,2012.0,Suburban,457,3,1.0,4.890931736,95106.83803
1139,Apartment,1994.0,Suburban,147,3,2.0,3.916975732,57029.44308
1140,villa,1989.0,Suburban,337,5,2.0,3.692734393,49644.47877
1141,villa,1986.0,Suburban,467,5,1.0,1.76804575,128524.8481
1142,Apartment,1983.0,Suburban,151,2,1.0,4.651608724,45436.4681
1143,Apartment,1986.0,Suburban,224,3,2.0,0.773371337,76194.2371
1144,Apartment,1995.0,Downtown,245,3,2.0,2.769790412,41143.76255
1145,Apartment,2009.0,Suburban,168,4,1.0,2.315098354,44028.14293
1146,Apartment,2001.0,Suburban,91,3,3.0,4.462359589,66173.29899
1147,Apartment,1990.0,Old Town,474,2,,3.247880549,131741.4858
1148,villa,1993.0,Downtown,240,5,2.0,1.987019515,62011.62417
1149,villa,2007.0,Old Town,448,2,,0.559839068,122783.2255
1150,Apartment,2006.0,Old Town,215,2,1.0,1.514554878,55473.53685
1151,Apartment,2006.0,Downtown,171,4,2.0,2.589529784,86567.96026
1152,Apartment,2021.0,Downtown,314,5,1.0,2.036507531,98172.72392
1153,Apartment,1984.0,Downtown,253,3,3.0,4.750349006,61537.70092
1154,villa,2009.0,Downtown,170,5,1.0,3.02683373,47546.62863
1155,villa,2008.0,Old Town,266,4,1.0,3.564281629,58684.04008
1156,villa,1995.0,Old Town,181,2,1.0,3.018628073,69447.00253
1157,Apartment,2007.0,Downtown,296,2,,2.085035496,45877.90457
1158,villa,2020.0,Old Town,337,2,3.0,0.400556225,52155.2294
1159,Apartment,2012.0,Suburban,167,2,2.0,0.251832255,70924.29499
1160,villa,1994.0,Downtown,308,4,2.0,3.30334274,120062.3959
1161,villa,1984.0,Suburban,473,5,2.0,3.504733838,127616.0982
1162,villa,2005.0,Suburban,438,2,2.0,0.981529634,111754.7588
1163,Apartment,2012.0,Suburban,81,4,2.0,3.204485456,50093.030715
1164,Apartment,1992.0,Suburban,95,3,,0.15295605,16213.394204999999
1165,villa,2021.0,Suburban,167,3,2.0,2.278408678,45174.8709
1166,villa,2022.0,Downtown,421,5,3.0,1.467622228,106028.1741
1167,villa,1993.0,Suburban,371,5,1.0,4.425920067,105281.285
1168,villa,1985.0,Downtown,332,3,,1.609822124,51840.02944
1169,Apartment,2003.0,Old Town,159,5,2.0,2.01487689,44413.9569
1170,villa,2017.0,Old Town,414,4,,0.883987952,120399.9121
1171,villa,2010.0,Suburban,108,3,1.0,0.740251965,20232.185175
1172,Apartment,2008.0,Old Town,121,3,1.0,1.77466696,15574.158734999999
1173,villa,2001.0,Downtown,86,2,,3.773812693,62341.443
1174,Apartment,1999.0,Downtown,477,2,3.0,0.433106581,120012.36
1175,villa,2004.0,Suburban,288,5,2.0,0.391587079,60421.6372
1176,villa,2003.0,Old Town,329,4,2.0,4.074255426,48402.59125
1177,villa,1990.0,Suburban,416,4,,2.668552288,118586.9269
1178,Apartment,2010.0,Old Town,192,3,3.0,4.312893488,61982.72307
1179,villa,2012.0,Suburban,483,2,,3.106053256,114774.808
1180,Apartment,2001.0,Old Town,328,2,,0.484366886,59955.39618
1181,Apartment,2020.0,Downtown,203,3,1.0,0.951861836,50259.01153
1182,Apartment,2010.0,Suburban,447,3,,2.266188803,95032.87865
1183,Apartment,1986.0,Suburban,341,3,,1.023461703,66408.12822
1184,villa,2005.0,Old Town,404,5,3.0,4.341686759,98935.74497
1185,Apartment,1985.0,Suburban,489,4,2.0,4.905503132,101222.192
1186,villa,2011.0,Old Town,250,4,2.0,3.132819495,67432.97911
1187,villa,2007.0,Suburban,429,5,,3.279193025,119409.8502
1188,villa,2005.0,Suburban,444,2,2.0,4.456825439,94207.35106
1189,villa,2013.0,Suburban,333,2,3.0,3.421457603,55885.09809
1190,villa,2007.0,Old Town,249,2,,1.988813669,93475.59198
1191,villa,1996.0,Downtown,428,5,2.0,1.275198642,88194.59528
1192,Apartment,1996.0,Old Town,319,5,1.0,2.105770201,66551.1459
1193,Apartment,1995.0,Downtown,483,4,1.0,4.837350164,125010.3433
1194,villa,2010.0,Suburban,253,2,2.0,0.49331431,75237.38745
1195,Apartment,2014.0,Old Town,183,2,,0.604401918,40623.66213
1196,Apartment,1985.0,Old Town,465,2,,3.345903111,125465.8866
1197,villa,1988.0,Old Town,275,5,,3.059655396,60730.27684
1198,Apartment,1996.0,Downtown,448,4,3.0,3.712758112,92576.5867
1199,villa,2018.0,Downtown,381,4,3.0,4.514464201,123776.3372
